{
  "looting": {
    "items": [

    ],
    "maxDanger": 10,
    "minCapacity": 100,
    "containers": [
      {
        "count": 1,
        "id": 2853
      }
    ],
    "everyItem": true
  },
  "targeting": [
    {
      "useSpellAttack": false,
      "useRuneAttack": false,
      "minMana": 200,
      "avoidAttacks": false,
      "groupAttackTargets": 2,
      "groupAttackSpell": "",
      "danger": 1,
      "runeAttackDelay": 2000,
      "lureCavebot": true,
      "dontLoot": false,
      "useGroupAttackRune": false,
      "groupRuneAttackRadius": 1,
      "groupAttackIgnorePlayers": true,
      "maxDistance": 10,
      "groupAttackIgnoreParty": false,
      "lureCount": 5,
      "useGroupAttack": false,
      "groupRuneAttackTargets": 2,
      "attackSpell": "",
      "groupAttackRune": 0,
      "groupAttackRadius": 1,
      "keepDistanceRange": 1,
      "groupRuneAttackDelay": 5000,
      "priority": 1,
      "attackRune": 0,
      "groupAttackDelay": 5000,
      "minManaGroup": 1500,
      "lure": true,
      "keepDistance": false,
      "attackSpellDelay": 2500,
      "chase": true,
      "name": "cat, w?lf, snake, troll",
      "regex": "^cat$|^w.?lf$|^snake$|^troll$"
    }
  ]
}